                  epoch,         train/box_loss,         train/cls_loss,         train/dfl_loss,   metrics/precision(B),      metrics/recall(B),       metrics/mAP50(B),    metrics/mAP50-95(B),           val/box_loss,           val/cls_loss,           val/dfl_loss,                 lr/pg0,                 lr/pg1,                 lr/pg2
                      1,                 3.5082,                 7.3347,                 1.2843,                      0,                      0,                      0,                      0,                 3.1302,                 6.7725,                 1.0757,             0.00044299,             0.00044299,             0.00044299
                      2,                  3.214,                 4.7045,                 1.1166,                0.00154,                 0.1562,                0.02367,                0.00543,                 3.0762,                  5.713,                 1.1101,             0.00075173,             0.00075173,             0.00075173
                      3,                 3.0918,                 4.0864,                 1.0953,                 0.6443,                0.03007,                0.13307,                0.03161,                 3.0402,                 4.4624,                 1.1136,             0.00090956,             0.00090956,             0.00090956
                      4,                 2.9868,                 3.5628,                 1.0783,                0.40084,                0.18045,                0.21341,                0.05525,                 2.9338,                 3.8331,                 1.1017,             0.00072164,             0.00072164,             0.00072164
                      5,                 3.0884,                  3.548,                 1.0597,                0.33648,                0.26772,                0.21028,                0.06007,                  2.769,                 3.2687,                  1.047,             0.00072164,             0.00072164,             0.00072164
                      6,                 2.9254,                 3.0754,                 1.0578,                0.34644,                0.28716,                0.24881,                0.06847,                 2.8359,                 2.9701,                 1.0633,             0.00048586,             0.00048586,             0.00048586
